Country,Financial_Stress_Index,Institutional_Capacity,Risk_Type
Turkey,85,25,High_Vulnerability
Argentina,90,20,High_Vulnerability
Egypt,78,30,High_Vulnerability
Pakistan,82,22,High_Vulnerability
South_Africa,72,45,Elevated_Risk
Brazil,58,55,Elevated_Risk
India,55,58,Elevated_Risk
Indonesia,52,62,Elevated_Risk
Mexico,48,58,Moderate_Risk
Poland,42,68,Moderate_Risk
Thailand,45,70,Moderate_Risk
Malaysia,50,65,Moderate_Risk
US,35,88,Low_Vulnerability
Germany,28,92,Low_Vulnerability
Japan,40,85,Low_Vulnerability
UK,38,82,Low_Vulnerability
Canada,32,88,Low_Vulnerability
Australia,35,85,Low_Vulnerability
Switzerland,22,95,Low_Vulnerability
Singapore,30,90,Low_Vulnerability
China,55,75,Moderate_Risk
Russia,65,40,Elevated_Risk
Saudi_Arabia,48,55,Moderate_Risk
Nigeria,75,30,High_Vulnerability
Kenya,68,35,Elevated_Risk
Vietnam,52,60,Moderate_Risk
Philippines,58,52,Elevated_Risk
Colombia,55,50,Elevated_Risk
Chile,45,72,Moderate_Risk
Peru,48,68,Moderate_Risk
